POS	Ground Truth REF	Ground Truth ALT	Ground Truth DP	Ground Truth AF	LoFreq REF	LoFreq ALT	LoFreq DP	LoFreq AF
1309	G	A	453	0.137	G	A	509	0.121807
1309	G	C	453	0.002				
1800	C	A	463	0.197	C	A	463	0.196544
1800	C	T	463	0.002				
2036	A	G	424	0.104	A	G	482	0.091286
2036	A	C	424	0.005				
3092	T	A	495	0.188	T	A	495	0.187879
3124	A	C	480	0.2	A	C	480	0.2
3124	A	G	480	0.002				
3132	A	G	486	0.302	A	G	486	0.302469
3132	A	C	486	0.002				
3515	A	G	479	0.171	A	G	479	0.17119
3515	A	C	479	0.004				
3591	A	G	515	0.186	A	G	515	0.186408
3591	A	C	515	0.004				
3591	A	T	515	0.002				
3609	T	C	522	0.203	T	C	522	0.203065
3609	T	G	522	0.002				
3918	C	A	489	0.196	C	A	489	0.196319
4311	C	T	495	0.184	C	T	495	0.183838
4717	G	A	517	0.205	G	A	517	0.205029
5218	A	G	485	0.445	A	G	485	0.445361
5218	A	T	485	0.004				
5218	A	C	485	0.002				
5353	T	C	450	0.184	T	C	450	0.184444
5589	T	C	474	0.165	T	C	474	0.164557
5589	T	A	474	0.002				
5609	T	C	469	0.243	T	C	469	0.24307
5844	G	A	505	0.297	G	A	505	0.29703
5844	G	T	505	0.004				
5844	G	C	505	0.002				
6425	C	T	478	0.092	C	T	530	0.081132
6425	C	A	478	0.002				
6425	C	G	478	0.002				
6553	C	T	489	0.235				
6553	C	G	489	0.119	C	G	534	0.108614
6553	C	T	489	0.235	C	T	534	0.213483
6553	C	G	489	0.119				
6596	G	A	563	0.174	G	A	563	0.174067
6596	G	T	563	0.115				
6596	G	C	563	0.098				
6596	G	A	563	0.174				
6596	G	T	563	0.115				
6596	G	C	563	0.098	G	C	563	0.097691
6596	G	A	563	0.174				
6596	G	T	563	0.115	G	T	563	0.115453
6596	G	C	563	0.098				
8188	A	T	487	0.189	A	T	487	0.188912
8410	A	G	498	0.211	A	G	498	0.210843
9024	G	A	525	0.198	G	A	525	0.198095
9024	G	C	525	0.002				
9040	A	G	378	0.222	A	G	485	0.173196
9137	G	A	525	0.343	G	A	525	0.342857
9137	G	T	525	0.002				
10317	T	C	482	0.237	T	C	482	0.236515
10317	T	G	482	0.002				
10604	G	A	508	0.303	G	A	508	0.30315
11728	A	G	499	0.196	A	G	499	0.196393
11964	A	G	435	0.115	A	G	480	0.104167
11966	G	T	433	0.118	G	T	478	0.106695
12343	G	A	494	0.206	G	A	494	0.206478
12343	G	T	494	0.002				
13121	A	G	536	0.187	A	G	536	0.186567
13121	A	C	536	0.002				
14044	T	G	505	0.23	T	G	505	0.229703
14044	T	A	505	0.002				
17005	C	T	461	0.323	C	T	461	0.32321
17005	C	A	461	0.004				
17550	G	C	435	0.124				
17550	G	A	435	0.117				
17550	G	C	435	0.124				
17550	G	A	435	0.117	G	A	486	0.102881
17550	G	C	435	0.124	G	C	486	0.111111
17550	G	A	435	0.117				
18286	C	T	549	0.175	C	T	549	0.174863
18286	C	G	549	0.002				
19020	T	C	78	0.179	T	C	78	0.179487
19068	T	C	5	0.2				
